"Epic","Feature","Story","FAILED","BROKEN","PASSED","SKIPPED","UNKNOWN"
"A user will be able to edit their TODOs","Editing Todos","A user can filter to see complete or active items only","0","0","5","0","0"
"A user will be able to edit their TODOs","Editing Todos","A user can Edit TODOs","0","0","5","0","0"
"A user will be able to edit their TODOs","Editing Todos","","0","0","5","0","0"
"A user will be able to edit their TODOs","Editing Todos","A user can clear all completed TODOs","0","0","3","0","0"
"A user will be able to add TODOs","Create a TODO Page","A user can add new TODOs via a TODO page","0","0","11","0","0"
"A user will be able to add TODOs","Create a TODO Page","A users added todos are visible in the page","0","0","1","0","0"
"should have good accessability","Editing Todos","","0","0","1","0","0"
"A user will be able to edit their TODOs","Editing Todos","A user can mark TODOs as complete","0","0","3","0","0"
"A user will be able to add TODOs","Create a TODO Page","Add a TODO text field","0","0","1","0","0"
"A user will be able to edit their TODOs","Editing Todos","A users TODOs are not lost if the page is refreshed","0","0","1","0","0"
